[
  {
    "name": "Trending",
    "videos":[
      {"name":"Jumanji","image":"https://i.ytimg.com/vi/MJuFdpVCcsY/movieposter_en.jpg"},{"name":"Don Quixote","image":"https://gdj-inr5u0ip5pewom.stackpathdns.com/wp-content/uploads/2012/03/movies-poster-1.jpg"},{"name":"Tanhaji","image":"https://filmfare.wwmindia.com/content/2019/dec/upcoming-bollywood-movies-2020-tanhaji-31577106178.jpg"}
    ]
  },
  {
    "name": "New Releases",
    "videos":[
      {"name":"Tanhaji","image":"https://filmfare.wwmindia.com/content/2019/dec/upcoming-bollywood-movies-2020-tanhaji-31577106178.jpg"},{"name":"Above Suspicion","image":"https://www.filmibeat.com/img/320x100x392/popcorn/trending_news/emilia-clarkes-above-suspicion-5435-20210511181121.jpg"},{"name":"Above Suspicion","image":"https://jiocinemaweb.cdn.jio.com/jioimages.cdn.jio.com/content/entry/dynamiccontent/thumbs/250/-/0/50/39/f75c17c0bfd011e78b4551a8b8dbe7c2_1509678512371_p_medium.jpg"}
      ]
  },
  {
    "name": "UpComing",
    "videos":[
      {"name":"Jumanji","image":"https://i.ytimg.com/vi/MJuFdpVCcsY/movieposter_en.jpg"},{"name":"Don Quixote","image":"https://gdj-inr5u0ip5pewom.stackpathdns.com/wp-content/uploads/2012/03/movies-poster-1.jpg"},{"name":"Above Suspicion","image":"https://www.filmibeat.com/img/320x100x392/popcorn/trending_news/emilia-clarkes-above-suspicion-5435-20210511181121.jpg"}
      ]
  },
  {
    "name": "Todays Pick",
    "videos":[
      {"name":"Jumanji","image":"https://i.ytimg.com/vi/MJuFdpVCcsY/movieposter_en.jpg"},{"name":"Tanhaji","image":"https://filmfare.wwmindia.com/content/2019/dec/upcoming-bollywood-movies-2020-tanhaji-31577106178.jpg"},{"name":"Above Suspicion","image":"https://www.filmibeat.com/img/320x100x392/popcorn/trending_news/emilia-clarkes-above-suspicion-5435-20210511181121.jpg"}
      ]
  },
  
  {
    "name": "Evergreen",
    "videos":[
      {"name":"Above Suspicion","image":"https://jiocinemaweb.cdn.jio.com/jioimages.cdn.jio.com/content/entry/dynamiccontent/thumbs/250/-/0/50/39/f75c17c0bfd011e78b4551a8b8dbe7c2_1509678512371_p_medium.jpg"},{"name":"Jumanji","image":"https://i.ytimg.com/vi/MJuFdpVCcsY/movieposter_en.jpg"},{"name":"Don Quixote","image":"https://gdj-inr5u0ip5pewom.stackpathdns.com/wp-content/uploads/2012/03/movies-poster-1.jpg"},{"name":"Tanhaji","image":"https://filmfare.wwmindia.com/content/2019/dec/upcoming-bollywood-movies-2020-tanhaji-31577106178.jpg"},{"name":"Above Suspicion","image":"https://www.filmibeat.com/img/320x100x392/popcorn/trending_news/emilia-clarkes-above-suspicion-5435-20210511181121.jpg"}
      ]
  },
  {
    "name": "Other",
    "videos":[
      {"name":"Jumanji","image":"https://i.ytimg.com/vi/MJuFdpVCcsY/movieposter_en.jpg"},{"name":"Don Quixote","image":"https://gdj-inr5u0ip5pewom.stackpathdns.com/wp-content/uploads/2012/03/movies-poster-1.jpg"},{"name":"Tanhaji","image":"https://filmfare.wwmindia.com/content/2019/dec/upcoming-bollywood-movies-2020-tanhaji-31577106178.jpg"},{"name":"Above Suspicion","image":"https://www.filmibeat.com/img/320x100x392/popcorn/trending_news/emilia-clarkes-above-suspicion-5435-20210511181121.jpg"},{"name":"Above Suspicion","image":"https://jiocinemaweb.cdn.jio.com/jioimages.cdn.jio.com/content/entry/dynamiccontent/thumbs/250/-/0/50/39/f75c17c0bfd011e78b4551a8b8dbe7c2_1509678512371_p_medium.jpg"},{"name":"Jumanji","image":"https://i.ytimg.com/vi/MJuFdpVCcsY/movieposter_en.jpg"}
      ]
  }
  
]
  
